{
	"format_version": "1.12.0",
	"minecraft:geometry": [
		{
			"description": {
				"identifier": "geometry.unknown",
				"texture_width": 8,
				"texture_height": 8,
				"visible_bounds_width": 2,
				"visible_bounds_height": 1.5,
				"visible_bounds_offset": [0, 0.25, 0]
			},
			"bones": [
				{
					"name": "bone",
					"pivot": [-0.0196, -0.01563, -0.02429],
					"cubes": [
						{
							"origin": [-0.46227, -0.37187, -1.47904],
							"size": [0.59023, 0.59023, 2.67081],
							"pivot": [-0.01959, -0.22431, -0.03297],
							"rotation": [0, 0, 45],
							"uv": {
								"north": {"uv": [4, 0], "uv_size": [0.5625, 0.5625]},
								"east": {"uv": [2, 2], "uv_size": [2.6875, 0.5625]},
								"south": {"uv": [4, 1], "uv_size": [0.5625, 0.5625]},
								"west": {"uv": [2, 3], "uv_size": [2.6875, 0.5625]},
								"up": {"uv": [2, 4], "uv_size": [0.5625, 2.6875]},
								"down": {"uv": [3, 6.6875], "uv_size": [0.5625, -2.6875]}
							}
						},
						{
							"origin": [-0.46227, -0.37187, 1.25079],
							"size": [0.59023, 0.59023, 0.08854],
							"pivot": [-0.01959, -0.22431, 0.11459],
							"rotation": [0, 0, 45],
							"uv": {
								"north": {"uv": [4, 4], "uv_size": [0.5625, 0.5625]},
								"east": {"uv": [1, 6], "uv_size": [0.0625, 0.5625]},
								"south": {"uv": [5, 0], "uv_size": [0.5625, 0.5625]},
								"west": {"uv": [6, 1], "uv_size": [0.0625, 0.5625]},
								"up": {"uv": [6, 2], "uv_size": [0.5625, 0.0625]},
								"down": {"uv": [6, 3.0625], "uv_size": [0.5625, -0.0625]}
							}
						}
					]
				}
			]
		}
	]
}