{
	"format_version": "1.12.0",
	"minecraft:geometry": [
		{
			"description": {
				"identifier": "geometry.5.45x39",
				"texture_width": 32,
				"texture_height": 32,
				"visible_bounds_width": 2,
				"visible_bounds_height": 1.5,
				"visible_bounds_offset": [0, 0.25, 0]
			},
			"bones": [
				{
					"name": "bullet",
					"pivot": [-9.99313, 20.62532, -16.81855],
					"cubes": [
						{
							"origin": [-0.36398, -1.18186, -3.87055],
							"size": [0.85457, 2.06311, 4.45329],
							"pivot": [0.0633, 0.02668, 11.95656],
							"rotation": [0, 0, 45],
							"uv": {
								"north": {"uv": [6, 13], "uv_size": [0.84375, 2.0625]},
								"east": {"uv": [0, 0], "uv_size": [4.46875, 2.0625]},
								"south": {"uv": [13, 13], "uv_size": [0.84375, 2.0625]},
								"west": {"uv": [0, 3], "uv_size": [4.46875, 2.0625]},
								"up": {"uv": [10, 0], "uv_size": [0.84375, 4.46875]},
								"down": {"uv": [10, 9.46875], "uv_size": [0.84375, -4.46875]}
							}
						},
						{
							"origin": [-0.31214, -1.30701, -3.87055],
							"size": [0.85457, 2.06311, 4.45252],
							"pivot": [0.11514, -0.09847, 11.95656],
							"rotation": [0, 0, 90],
							"uv": {
								"north": {"uv": [14, 0], "uv_size": [0.84375, 2.0625]},
								"east": {"uv": [0, 6], "uv_size": [4.4375, 2.0625]},
								"south": {"uv": [12, 14], "uv_size": [0.84375, 2.0625]},
								"west": {"uv": [5, 6], "uv_size": [4.4375, 2.0625]},
								"up": {"uv": [11, 5], "uv_size": [0.84375, 4.4375]},
								"down": {"uv": [11, 14.4375], "uv_size": [0.84375, -4.4375]}
							}
						},
						{
							"origin": [-0.61428, -1.18186, -3.87055],
							"size": [0.85457, 2.06311, 4.45429],
							"pivot": [-0.187, 0.02668, 11.95656],
							"rotation": [0, 0, -45],
							"uv": {
								"north": {"uv": [14, 13], "uv_size": [0.84375, 2.0625]},
								"east": {"uv": [5, 0], "uv_size": [4.46875, 2.0625]},
								"south": {"uv": [15, 0], "uv_size": [0.84375, 2.0625]},
								"west": {"uv": [5, 3], "uv_size": [4.46875, 2.0625]},
								"up": {"uv": [10, 10], "uv_size": [0.84375, 4.46875]},
								"down": {"uv": [11, 4.46875], "uv_size": [0.84375, -4.46875]}
							}
						},
						{
							"origin": [-0.48913, -1.13003, -3.87055],
							"size": [0.85457, 2.06311, 4.45252],
							"uv": {
								"north": {"uv": [4, 15], "uv_size": [0.84375, 2.0625]},
								"east": {"uv": [0, 9], "uv_size": [4.4375, 2.0625]},
								"south": {"uv": [5, 15], "uv_size": [0.84375, 2.0625]},
								"west": {"uv": [5, 9], "uv_size": [4.4375, 2.0625]},
								"up": {"uv": [0, 12], "uv_size": [0.84375, 4.4375]},
								"down": {"uv": [12, 4.4375], "uv_size": [0.84375, -4.4375]}
							}
						}
					]
				},
				{
					"name": "bone3",
					"parent": "bullet",
					"pivot": [-9.99313, 20.62532, -14.02619],
					"cubes": [
						{
							"origin": [-0.38513, -1.2577, 0.71166],
							"size": [0.91439, 2.20753, 0.27806],
							"pivot": [0.07206, 0.03544, 13.18618],
							"rotation": [0, 0, 45],
							"uv": {
								"north": {"uv": [8, 12], "uv_size": [0.90625, 2.21875]},
								"east": {"uv": [16, 8], "uv_size": [0.28125, 2.21875]},
								"south": {"uv": [12, 8], "uv_size": [0.90625, 2.21875]},
								"west": {"uv": [16, 11], "uv_size": [0.28125, 2.21875]},
								"up": {"uv": [6, 17], "uv_size": [0.90625, 0.28125]},
								"down": {"uv": [17, 9.28125], "uv_size": [0.90625, -0.28125]}
							}
						},
						{
							"origin": [-0.32966, -1.39161, 0.71166],
							"size": [0.91439, 2.20753, 0.27724],
							"pivot": [0.12753, -0.09847, 13.18618],
							"rotation": [0, 0, 90],
							"uv": {
								"north": {"uv": [9, 12], "uv_size": [0.90625, 2.21875]},
								"east": {"uv": [13, 16], "uv_size": [0.28125, 2.21875]},
								"south": {"uv": [12, 11], "uv_size": [0.90625, 2.21875]},
								"west": {"uv": [14, 16], "uv_size": [0.28125, 2.21875]},
								"up": {"uv": [17, 10], "uv_size": [0.90625, 0.28125]},
								"down": {"uv": [17, 11.28125], "uv_size": [0.90625, -0.28125]}
							}
						},
						{
							"origin": [-0.65295, -1.2577, 0.71166],
							"size": [0.91439, 2.20753, 0.27913],
							"pivot": [-0.19576, 0.03544, 13.18618],
							"rotation": [0, 0, -45],
							"uv": {
								"north": {"uv": [13, 0], "uv_size": [0.90625, 2.21875]},
								"east": {"uv": [16, 14], "uv_size": [0.28125, 2.21875]},
								"south": {"uv": [1, 13], "uv_size": [0.90625, 2.21875]},
								"west": {"uv": [15, 16], "uv_size": [0.28125, 2.21875]},
								"up": {"uv": [12, 17], "uv_size": [0.90625, 0.28125]},
								"down": {"uv": [17, 12.28125], "uv_size": [0.90625, -0.28125]}
							}
						},
						{
							"origin": [-0.51904, -1.20224, 0.71166],
							"size": [0.91439, 2.20753, 0.27724],
							"uv": {
								"north": {"uv": [2, 13], "uv_size": [0.90625, 2.21875]},
								"east": {"uv": [0, 17], "uv_size": [0.28125, 2.21875]},
								"south": {"uv": [3, 13], "uv_size": [0.90625, 2.21875]},
								"west": {"uv": [17, 0], "uv_size": [0.28125, 2.21875]},
								"up": {"uv": [17, 13], "uv_size": [0.90625, 0.28125]},
								"down": {"uv": [17, 14.28125], "uv_size": [0.90625, -0.28125]}
							}
						},
						{
							"origin": [-0.71755, -0.80522, 0.51315],
							"size": [1.31141, 1.41349, 0.27724],
							"pivot": [-0.06185, -0.09847, 0.65177],
							"rotation": [0, 0, 45],
							"uv": {
								"north": {"uv": [13, 3], "uv_size": [1.3125, 1.40625]},
								"east": {"uv": [17, 3], "uv_size": [0.28125, 1.40625]},
								"south": {"uv": [4, 13], "uv_size": [1.3125, 1.40625]},
								"west": {"uv": [17, 5], "uv_size": [0.28125, 1.40625]},
								"up": {"uv": [17, 7], "uv_size": [1.3125, 0.28125]},
								"down": {"uv": [17, 8.28125], "uv_size": [1.3125, -0.28125]}
							}
						},
						{
							"origin": [-0.3867, -0.34203, 0.77783],
							"size": [0.64971, 0.61946, 0.25077],
							"pivot": [-0.06185, -0.09847, 0.65177],
							"rotation": [0, 0, 45],
							"uv": {
								"north": {"uv": [2, 17], "uv_size": [0.65625, 0.625]},
								"east": {"uv": [17, 16], "uv_size": [0.25, 0.625]},
								"south": {"uv": [3, 17], "uv_size": [0.65625, 0.625]},
								"west": {"uv": [17, 17], "uv_size": [0.25, 0.625]},
								"up": {"uv": [17, 15], "uv_size": [0.65625, 0.25]},
								"down": {"uv": [16, 17.25], "uv_size": [0.65625, -0.25]}
							}
						}
					]
				}
			]
		}
	]
}