{
	"format_version": "1.12.0",
	"minecraft:geometry": [
		{
			"description": {
				"identifier": "geometry.5.45x39",
				"texture_width": 8,
				"texture_height": 8,
				"visible_bounds_width": 2,
				"visible_bounds_height": 1.5,
				"visible_bounds_offset": [0, 0.25, 0]
			},
			"bones": [
				{
					"name": "ammo",
					"pivot": [-0.00472, -0.00782, -0.06491],
					"cubes": [
						{
							"origin": [-0.20413, -0.20723, -1.3948],
							"size": [0.39882, 0.39882, 2.25216],
							"uv": {
								"north": {"uv": [5, 5], "uv_size": [0.40625, 0.40625]},
								"east": {"uv": [2, 2], "uv_size": [2.25, 0.40625]},
								"south": {"uv": [0, 6], "uv_size": [0.40625, 0.40625]},
								"west": {"uv": [2, 3], "uv_size": [2.25, 0.40625]},
								"up": {"uv": [2, 4], "uv_size": [0.40625, 2.25]},
								"down": {"uv": [3, 6.25], "uv_size": [0.40625, -2.25]}
							}
						},
						{
							"origin": [-0.16894, -0.17204, -1.57075],
							"size": [0.32844, 0.32844, 2.51022],
							"uv": {
								"north": {"uv": [6, 3], "uv_size": [0.34375, 0.34375]},
								"east": {"uv": [4, 0], "uv_size": [2.5, 0.34375]},
								"south": {"uv": [6, 4], "uv_size": [0.34375, 0.34375]},
								"west": {"uv": [4, 1], "uv_size": [2.5, 0.34375]},
								"up": {"uv": [4, 4], "uv_size": [0.34375, 2.5]},
								"down": {"uv": [5, 4.5], "uv_size": [0.34375, -2.5]}
							}
						},
						{
							"origin": [-0.14548, -0.14858, -1.2746],
							"size": [0.28152, 0.28152, 2.29618],
							"uv": {
								"north": {"uv": [5, 6], "uv_size": [0.28125, 0.28125]},
								"east": {"uv": [0, 0], "uv_size": [3.34375, 0.28125]},
								"south": {"uv": [6, 5], "uv_size": [0.28125, 0.28125]},
								"west": {"uv": [0, 1], "uv_size": [3.34375, 0.28125]},
								"up": {"uv": [0, 2], "uv_size": [0.28125, 3.34375]},
								"down": {"uv": [1, 5.34375], "uv_size": [0.28125, -3.34375]}
							}
						},
						{
							"origin": [-0.20413, -0.20723, 0.93947],
							"size": [0.39882, 0.39882, 0.07038],
							"uv": {
								"north": {"uv": [1, 6], "uv_size": [0.40625, 0.40625]},
								"east": {"uv": [6, 6], "uv_size": [0.0625, 0.40625]},
								"south": {"uv": [6, 2], "uv_size": [0.40625, 0.40625]},
								"west": {"uv": [0, 7], "uv_size": [0.0625, 0.40625]},
								"up": {"uv": [7, 0], "uv_size": [0.40625, 0.0625]},
								"down": {"uv": [1, 7.0625], "uv_size": [0.40625, -0.0625]}
							}
						}
					]
				}
			]
		}
	]
}