{
	"format_version": "1.12.0",
	"minecraft:geometry": [
		{
			"description": {
				"identifier": "geometry.5.45x39",
				"texture_width": 8,
				"texture_height": 8,
				"visible_bounds_width": 2,
				"visible_bounds_height": 1.5,
				"visible_bounds_offset": [0, 0.25, 0]
			},
			"bones": [
				{
					"name": "ammo2",
					"pivot": [0.47088, -0.68966, -6.34895],
					"cubes": [
						{
							"origin": [-0.18837, -0.19191, -0.23978],
							"size": [0.37187, 0.37187, 1.08588],
							"uv": {
								"north": {"uv": [2, 4], "uv_size": [0.3125, 0.3125]},
								"east": {"uv": [2, 3], "uv_size": [0.90625, 0.3125]},
								"south": {"uv": [4, 2], "uv_size": [0.3125, 0.3125]},
								"west": {"uv": [3, 3], "uv_size": [0.90625, 0.3125]},
								"up": {"uv": [0, 4], "uv_size": [0.3125, 0.90625]},
								"down": {"uv": [4, 1.90625], "uv_size": [0.3125, -0.90625]}
							}
						},
						{
							"origin": [-0.18837, -0.19191, 0.90559],
							"size": [0.37187, 0.37187, 0.07438],
							"uv": {
								"north": {"uv": [3, 4], "uv_size": [0.3125, 0.3125]},
								"east": {"uv": [5, 4], "uv_size": [0.0625, 0.3125]},
								"south": {"uv": [4, 3], "uv_size": [0.3125, 0.3125]},
								"west": {"uv": [5, 5], "uv_size": [0.0625, 0.3125]},
								"up": {"uv": [0, 6], "uv_size": [0.3125, 0.0625]},
								"down": {"uv": [6, 0.0625], "uv_size": [0.3125, -0.0625]}
							}
						},
						{
							"origin": [-0.15862, -0.16216, -0.67116],
							"size": [0.31237, 0.31237, 1.59163],
							"uv": {
								"north": {"uv": [4, 4], "uv_size": [0.25, 0.25]},
								"east": {"uv": [1, 2], "uv_size": [1.34375, 0.25]},
								"south": {"uv": [0, 5], "uv_size": [0.25, 0.25]},
								"west": {"uv": [3, 0], "uv_size": [1.34375, 0.25]},
								"up": {"uv": [1, 3], "uv_size": [0.25, 1.34375]},
								"down": {"uv": [3, 2.34375], "uv_size": [0.25, -1.34375]}
							}
						}
					]
				}
			]
		}
	]
}